Event,Label,Mean,Std,Skewness,Kurtosis,RMS,Peak,Energy,Zero_Cross,Dominant_Freq,SpectralCentroid,SpectralEntropy,Back_Azimuth,Slowness,Beam_Power
20230910_123610-123810,Multiphase,0.002393042728695226,1.629187376470938,-0.011329417677860217,1.90070452093088,1.629189133988365,5.648232611868258,7962.771702917277,64,1.0333333333333332,1.0291347252855276,2.8703953637590045,356.0,1.3299999999999998,0.7915844691788348
20230903_045040-045240,Multiphase,0.0012177478055890585,1.1592957374010668,-0.011331760109313686,2.488948159229998,1.1592963769744133,3.9660120070883664,4031.904268998004,68,1.0,1.117890106882836,4.108455859026781,2.0,1.3299999999999998,0.6704906760674533
20230903_010240-010440,Multiphase,-0.005414873693017928,1.1957349913636335,-0.03374573871821972,9.679107593491219,1.195747251900877,6.6884560755616205,4289.434471285498,68,0.8333333333333334,1.05999077421786,4.397337726077921,32.0,1.2299999999999998,0.7352775352127771
20230824_190420-190620,Multiphase,-0.0015977309572730942,1.09725539868546,-0.03182344970443615,0.9214016025377525,1.0972565619255141,3.5192859388852327,3611.9158880657997,74,1.0333333333333332,1.0621430744066682,3.577144607872273,352.0,1.13,0.5725360758914966
20230830_030540-030740,Multiphase,-0.0027450733637519706,1.5632411035186005,0.023234933254170444,1.208067939668986,1.5632435137104597,5.27435728467274,7331.190849473473,62,1.0,1.0262419725992196,3.3896153005193774,356.0,1.2699999999999998,0.7631779484362624
20230831_060010-060210,Multiphase,-0.002207785366652298,1.1217227332509678,-0.010832998958990269,1.9839226127966691,1.1217249059409562,4.559718525759725,3774.800293824741,64,0.9,1.0267853948343093,3.67969171370926,6.0,0.69,0.5879361150188309
20230821_150400-150600,Multiphase,0.005947630772417055,1.0218277915426746,0.012226384695457558,2.6819140888968667,1.0218451007274951,3.868737566343641,3132.5022296423535,68,0.8666666666666667,0.9941080690416922,3.6182421952683117,356.0,1.4899999999999998,0.5932276676912034
20230906_014600-014800,Multiphase,0.0007403821106087586,1.3673678923045272,0.000448937634759831,4.971812822675391,1.3673680927500813,6.310402047291776,5609.086503212984,70,0.9333333333333333,1.0444233110259769,3.993621117960937,0.0,1.4299999999999997,0.7646275139513372
20230823_170440-170640,Multiphase,-0.00538406026849542,1.1624502181862686,-0.061278102357080914,1.49768244150117,1.1624626866554808,4.02330932338001,4053.958493598835,74,0.8666666666666667,1.0546630035264366,3.9969576629908197,0.0,1.17,0.6574270178302378
20230831_041000-041200,Multiphase,0.005285421063688256,1.5818182029869048,-0.004941539287855725,3.8701614338432,1.581827033204497,6.759715808450932,7506.530288929624,64,0.9333333333333333,1.0084319026111455,3.7360048480563095,0.0,1.3899999999999997,0.8368206828591348
20230909_001930-002130,Multiphase,0.004582108229594842,1.2691564420002563,0.027774160526241206,0.31203394707459386,1.2691647134972583,3.752380504430339,4832.337209959733,58,0.8333333333333334,0.8876945541207587,2.6333666806909535,120.0,0.9299999999999998,0.7424826587324451
20230909_012235-012435,Multiphase,0.0009168556906035168,1.5431874016598053,-0.008948543418208953,1.9387157451250987,1.5431876740260395,5.981431984229857,7144.284591797694,72,1.2333333333333334,1.186604413868199,3.8727903701082265,358.0,1.2099999999999997,0.7623266581250102
20230911_140240-140440,Multiphase,0.0029511196182583034,1.4761626268756571,-0.016739603557804118,2.8959646197600275,1.4761655767871849,6.276054667226608,6537.194430274327,66,0.9333333333333333,1.0522716731004602,3.987124462727211,0.0,1.4299999999999997,0.7714754979265345
20230903_045500-045700,Multiphase,0.004088421171615196,1.7049497079612448,0.0013506891733704991,2.2731695689912144,1.704954609913358,5.689333151151014,8720.610665594431,66,0.9333333333333333,0.991233151293147,3.057345592120628,0.0,1.3499999999999999,0.8585971105224225
20230902_183700-183900,Multiphase,0.0001483724232886819,1.6049086862932345,-0.02077550250221841,1.3415457296272422,1.6049086931516854,5.627627324884051,7727.195740061552,74,1.2333333333333334,1.1749933601225908,3.910338571155266,356.0,1.2099999999999997,0.7835540854756586
20230830_160200-160400,Multiphase,0.005820357155343657,1.187874118211454,0.05022077454699359,0.41404133725260195,1.1878883774471636,3.725583642965968,4233.236391822165,64,0.9,1.0375407332198536,3.99835002364447,356.0,1.3099999999999998,0.6211481271959507
20230822_204900-205100,Multiphase,-0.0019841243313347976,1.5651571785297478,0.01994429735809281,1.613951347320567,1.565158436150335,4.992361987650761,7349.162790757688,66,0.9333333333333333,1.0117800827238526,3.461422804523156,358.0,1.3899999999999997,0.8227148500170067
20230825_215820-220020,Multiphase,0.003465842795818934,1.0681470691529056,0.02605541856859124,0.6893762791392004,1.0681526919903481,3.4550657075297293,3422.850520218683,68,1.0,1.0515016134501003,3.533060776255729,352.0,1.2099999999999997,0.6916387333510011
20230906_083130-083330,Multiphase,0.008341330895713343,1.5732204575553264,-0.029448428738561117,4.021275212009472,1.5732425705757207,6.911824174425869,7425.276557615105,66,0.9333333333333333,1.0226600022269121,3.8904291846570724,0.0,1.4299999999999997,0.8285031513252454
20230825_162400-162600,Multiphase,0.00341055387599647,0.9805911117039564,-0.07204855930346332,3.6068815246746206,0.9805970427400557,4.045713149818303,2884.7116806916274,68,0.9,0.9927377933881436,3.826149418719096,356.0,1.1899999999999997,0.5442115273586462
20230901_034640-034840,Multiphase,0.005015113857728008,0.9725998908330464,0.05051966994397627,2.2318898586866354,0.9726128207130829,3.9479045038233735,2837.9270970463785,68,0.9666666666666667,1.0165569974514617,4.057814741752613,352.0,0.9499999999999998,0.6395893846654368
20230910_130540-130740,Multiphase,0.011333471894082849,1.1635611709354388,-0.08489765169237734,2.6869196398494646,1.1636163655147789,4.266208890092462,4062.0091382814708,60,0.8666666666666667,1.0041482709359375,3.9246958688214155,0.0,1.4099999999999997,0.6444298787328436
20230823_171800-172000,Multiphase,-0.0008953596211285463,1.3696096879722477,-0.045573916314450756,0.9514214793265978,1.3696099806354687,4.2676724291166055,5627.4944971688665,86,0.9666666666666667,1.1483259095015974,4.168197957930698,352.0,1.17,0.6890185098526518
20230831_204140-204340,Multiphase,-0.0010186659699034492,1.2070003788563601,-0.04842724866679931,-0.3819379706931114,1.207000808715452,3.431093206231142,4370.552856719266,72,1.1666666666666667,1.2197604420545232,4.335891092445811,168.0,0.3499999999999999,0.6755684779668256
20230830_112700-112900,Multiphase,0.00018758657044332948,1.1386667691646608,-0.05307986764511957,1.0921283931242272,1.1386667846163812,3.550996709077416,3889.686139165825,70,0.9333333333333333,1.0428196743068523,3.6611494055658858,358.0,1.3699999999999999,0.7094545107746966
20230908_093740-093940,Multiphase,0.01037743077080292,1.3152684593056858,-0.008722464611669489,-0.4505003520735458,1.3153093974855328,3.5293762324483495,5190.116433341265,58,0.9,1.0007344252806463,3.358258291358149,172.0,0.20999999999999996,0.8675511712319776
20230824_050840-051040,Multiphase,0.005976473499698746,1.026920521994972,0.011869977291143832,0.7873040637258195,1.02693791279216,3.325047244904644,3163.8044301897544,62,0.9333333333333333,1.030148954950034,3.5771895372595983,356.0,1.0299999999999998,0.609665608825854
20230902_181620-181820,Multiphase,0.000463817277735077,1.258247173107429,-0.10066212272878225,1.2414960701315545,1.2582472585939948,4.776083503800924,4749.55849127791,62,0.8666666666666667,1.0620200783537317,3.7853579901479772,2.0,1.3099999999999998,0.715665128805218
20230904_120740-120940,Multiphase,-0.0020645924468106996,1.0142165353736448,0.1327575796908258,1.060697637785867,1.0142186367678772,3.761144231341472,3085.918329501873,64,1.0,1.0272910190255442,4.063536697559265,358.0,0.9499999999999998,0.5976004383846585
20230825_165020-165220,Multiphase,-0.000662306250990414,1.0069194555138292,-0.024741653899736926,1.2381672114032343,1.0069196733314114,3.4049727616345367,3041.6616856255087,72,1.2333333333333334,1.16183036708007,3.6000839132411144,358.0,1.0699999999999998,0.5608808570940738
20230912_012700-012900,Multiphase,0.009301071424226575,1.378837464352861,-0.5163041734846984,3.4041674965534696,1.378868834600545,6.103197545150191,5703.8377890979955,62,0.7666666666666666,1.041746186269917,4.182961294298662,138.0,0.22999999999999995,0.869167502687344
20230825_072210-072410,Multiphase,0.0013150461394498645,1.1151177545248963,0.0769890686501933,4.666603623208726,1.1151185299343724,5.0268883657097785,3730.4680074089874,66,0.9333333333333333,0.9800230160857762,3.627687037293458,354.0,1.15,0.715252452994917
20230903_012340-012540,Multiphase,0.0007722867548306275,1.1267209613369156,0.0009863448165550249,0.2993086733658612,1.1267212260105937,3.3765892739746164,3808.502163428446,74,1.2,1.2328150685029808,3.814554584394554,356.0,1.3499999999999999,0.6296654373151822
20230910_210900-211100,Multiphase,0.004593621937457146,1.0500247204806965,-0.012770773998613634,-0.3945931508381668,1.0500347684639155,3.005053455790941,3307.7190449492064,70,0.9333333333333333,1.1595286463437524,4.180370651807527,358.0,1.2899999999999998,0.6449869690615325
20230906_192300-192500,Multiphase,-0.005852204536193259,1.1280606626739766,0.02597429297589509,0.3046028133704941,1.128075842738592,3.341773317751925,3817.6653209111537,70,0.9,1.0698731002671873,4.058531173755443,352.0,0.9899999999999999,0.5688731175259294
20230906_084320-084520,Multiphase,0.005548267647469665,1.049831459026082,-0.0887792586946391,1.7608035173064431,1.0498461199788853,4.22023054476459,3306.5306269041603,62,1.0333333333333332,1.087901540271636,4.26593660743762,354.0,1.13,0.5544114818595705
20230905_125710-125910,Multiphase,-0.0017513250620277078,1.0749962915492761,0.0028078494565549894,-0.5912653638317229,1.0749977181297499,2.913166735449292,3466.860281952507,62,0.8333333333333334,1.0539041124871773,4.356551916491808,350.0,0.8099999999999998,0.6246900186536881
20230907_132440-132640,Multiphase,0.00439978682184405,1.1720491208378034,-0.01750179065407842,0.7248688580890561,1.172057379047948,3.571335960866926,4121.155499342236,66,1.0333333333333332,1.090149743198431,3.7931035227361614,358.0,1.2299999999999998,0.6567369837228275
20230902_210240-210440,Multiphase,0.008487242813117227,0.9111567170330402,-0.03648920370019966,0.5061699245051345,0.9111962446613774,2.9929495652190563,2490.83578885499,68,1.2666666666666666,1.1756312503917061,4.292576511249524,150.0,0.3499999999999999,0.5197493811881615
20230911_033940-034140,Multiphase,0.012417965920414593,0.9090515756663619,-0.024010504388213876,0.08611799982052837,0.9091363886123445,2.682105898360363,2479.5869192972877,64,0.9333333333333333,1.049730720100827,3.8162655670424765,352.0,0.7499999999999999,0.4894532958123659
20230907_171230-171430,Multiphase,0.0015864932100301678,1.2860857951599438,-0.0237163079727143,0.6862969570499149,1.286086773694874,4.027707368278061,4962.05756841867,62,1.0,1.0373460119770506,3.511075376951524,354.0,1.2899999999999998,0.6886866788560108
20230816_163710-163910,Multiphase,0.0042652636843627766,1.1832908287441637,-0.0274266066815586,1.872755052233674,1.1832985159562852,4.289282315570396,4200.58613359304,62,0.9333333333333333,1.0766959585322522,3.9567377019597667,2.0,1.4899999999999998,0.6556938363412901
20230818_005140-005340,Multiphase,-0.0023661440873889673,1.2515299280758305,0.08600135315405985,2.8080572670942434,1.251532164791355,4.654041563910188,4698.998278522007,72,0.9333333333333333,1.009571997661692,3.9527144107620673,356.0,1.2699999999999998,0.7102342842060388
20230905_152730-152930,Multiphase,-0.0016465197777257596,1.1038790048797706,-0.003991612505184586,0.9265906044790602,1.1038802328340387,3.5326125157752957,3655.6547053251943,68,0.9333333333333333,1.060562682998595,3.5238765713018134,358.0,0.9299999999999998,0.5958650526243707
20230902_183500-183700,Multiphase,0.0006767952238573229,1.5884756369127127,-0.0625915519653837,1.2291671324488975,1.5884757810923726,5.335091166860691,7569.76592135107,66,0.9666666666666667,1.1118365592608748,4.228905272893105,358.0,1.2099999999999997,0.790629565886208
20230822_084540-084740,Multiphase,-0.004785386039474486,1.3302377737741606,0.0020642588707638506,0.2824606068561444,1.3302463811998069,3.751733682904939,5308.666304085546,60,1.0,1.051952206434334,3.5116859735199113,356.0,1.0899999999999999,0.6871697778644409
20230828_092630-092830,Multiphase,0.002354590276342428,1.496479521107065,-0.018327653012752132,0.7093865439599476,1.4964813734852165,4.625434418065824,6718.3695035646,60,1.0,1.067689494457523,3.690696052296789,352.0,1.17,0.7185132643070914
20230902_190410-190610,Multiphase,-0.0005245436266090072,1.51380002402241,0.003351533123853175,0.7633632308830265,1.5138001149016558,5.008364844203638,6874.772363628799,66,1.0333333333333332,1.0595188285164998,3.6171986338032296,352.0,1.13,0.732817889558564
20230907_173740-173940,Multiphase,0.001411568679991627,1.5003499989188605,0.01595904882435531,4.061526453747561,1.5003506629391554,6.881209404238632,6753.156335345889,64,0.8666666666666667,1.0362151813379703,3.9213661201162577,2.0,1.2499999999999998,0.7600070746060001
20230823_205700-205900,Multiphase,0.0025004997327592853,1.402541859981805,0.0030183153028194446,0.07761833300064636,1.4025440889683771,4.282276933827427,5901.389764500405,76,1.2,1.2203811049594668,3.892051675516087,358.0,1.2899999999999998,0.7772195207703823
20230911_233920-234120,Multiphase,0.009425738280071387,1.1668176075528836,0.06224328306588501,-0.36480427827500117,1.1668556782385555,3.20258280050508,4084.6565215126784,66,0.8333333333333334,1.1322389309150942,4.382042341793886,152.0,0.5099999999999999,0.6387998534092367
20230822_123110-123310,Multiphase,-0.007307072293423262,1.0134153622262705,0.02021926822827917,-0.18854181300098416,1.0134417051324185,2.7086396489258258,3081.1922691051122,60,0.9333333333333333,1.0135043934376244,3.685507685697387,2.0,0.9699999999999999,0.5953756762369328
20230902_080820-081020,Multiphase,0.0028248406163024265,1.2956749916826111,-0.013581651356732283,2.2722619776192143,1.295678071048608,4.569318450600714,5036.344991388725,70,0.9333333333333333,1.0405805658811533,3.704084474726452,358.0,1.2499999999999998,0.759331141529411
20230906_185000-185200,Multiphase,0.007596071866944747,0.9815867642324447,-0.08016802086659436,0.5229204656274304,0.9816161551360739,3.0557672927640875,2890.710828072386,68,0.8333333333333334,1.1084402080690918,4.375220593400472,352.0,1.2499999999999998,0.5523508289875221
20230907_000050-000250,Multiphase,-0.0030290045087622013,1.4765443274939247,-0.012796344294798487,0.6426865904940602,1.4765474343626082,4.434698426070118,6540.576977768402,62,1.0,1.0702181903665462,3.7339206538084064,354.0,1.0899999999999999,0.7513913871191463
20230904_164040-164240,Multiphase,-0.0037278088842302138,1.341798158031522,-0.032679486071412855,0.5520930025322643,1.3418033363559139,4.292934645082818,5401.308580367586,70,0.9333333333333333,1.1131918027245353,4.096563691651286,358.0,1.2299999999999998,0.7079485315883994
20230906_084630-084830,Multiphase,0.001547797851481737,0.9121227872820792,-0.04661258218222731,1.0223918185479173,0.9121241005243848,3.247048938317414,2495.911124272254,70,1.0666666666666667,1.1148715981876098,3.923079582148136,2.0,1.3299999999999998,0.49093914969246405
20230911_144550-144750,Multiphase,-0.0015812207610746139,1.5602645425006652,-0.014563721021238518,2.146478967978976,1.5602653437296827,5.7036435131018255,7303.283828531716,74,1.0666666666666667,1.1050891825626121,4.161166790655802,358.0,1.3499999999999999,0.8361866608311976
20230912_095140-095340,Multiphase,0.000855114563315316,1.509190126335357,0.057149209785823725,2.2179764203108965,1.5091903685914005,6.092804497517056,6832.966705947143,74,1.0333333333333332,1.1223406114939498,4.227408949354278,0.0,1.3699999999999999,0.8007333393318995
20230901_015440-015640,Multiphase,-0.0026452898497475084,1.522305246830093,0.001647507487708936,0.8497189172485995,1.5223075451710866,4.985510498416132,6952.26078625446,66,1.0333333333333332,1.0501942897398966,3.553255238485538,356.0,1.1899999999999997,0.7530643524895957
20230821_121650-121850,Multiphase,2.1259133946863073e-05,1.5177215473008503,-0.01960706039582911,1.1252193473275023,1.5177215474497414,5.117426689653193,6910.436086779713,62,1.0,1.051870173922807,3.542904012349563,356.0,1.2499999999999998,0.7378226544040648
20230902_164810-165010,Multiphase,0.002786482729902036,0.9830773679711529,-0.01324693607465,0.5092478172797406,0.9830813170349101,3.2388307396543548,2899.3466277092803,66,1.0666666666666667,1.1933401873860996,4.190147436485707,356.0,1.4099999999999997,0.5477895967874109
20230817_170140-170340,Multiphase,-0.004259555409830565,0.8678245524026921,-0.007011410902109216,0.6753596334193945,0.8678350059574816,3.040085704003945,2259.4127926956667,62,0.8333333333333334,1.0633320997964908,4.292943778526077,352.0,1.2899999999999998,0.4812095018340043
20230828_011230-011430,Multiphase,-0.0030946530300205617,1.1452024095575748,-0.11955068407977198,2.9615031857650376,1.1452065908533062,5.236885017980109,3934.494407201555,67,1.3333333333333333,1.0863447699255846,4.321032020148933,358.0,1.15,0.598947434393566
20230905_175900-180100,Multiphase,-0.005932675938707291,1.5472205810007345,0.002854738604991724,0.9826804056319838,1.5472319551108178,4.96062418283379,7181.7801687481315,64,1.0333333333333332,1.042316790688832,3.5846177294102795,356.0,1.17,0.7499008333324462
20230905_133640-133840,Multiphase,-0.0008030872832416165,0.8325358149152134,-0.04058022430111956,0.5216540998353127,0.8325362022553272,2.853888447009786,2079.3495841971694,74,1.2,1.168558038617384,3.892547290916793,356.0,1.1099999999999999,0.45958455281385835
20230908_123940-124140,Multiphase,-0.003241222149797982,1.0537203363787635,-0.04269424970334706,0.7876031094532094,1.0537253213334103,3.3814828156121104,3331.0111584575966,70,0.9,1.0863850768700003,4.343673445582661,356.0,1.17,0.7005199910072193
20230902_181740-181940,Multiphase,-0.0013958442942420721,1.515199558487539,-0.013146009360490558,3.229783620148428,1.515200201432843,5.74733691571579,6887.494951266383,68,0.8666666666666667,1.0333451428078748,3.8964571290351837,2.0,1.4899999999999998,0.7632962856894505
20230904_061450-061650,Multiphase,0.00040439427714305035,1.4909671926980463,0.0058463763603773845,0.8996960180814062,1.490967247539873,4.743473983530985,6668.949999709874,68,1.0,1.0603187256722981,3.4922505366969534,354.0,1.1899999999999997,0.7373550439897943
20230816_044240-044440,Multiphase,-0.0033774803934265188,1.4332361284543247,0.0315585355762299,0.29370451391088714,1.4332401080351294,4.271555598017719,6162.531621841648,66,1.0,1.025049133837838,3.3673417804285632,348.0,0.36999999999999994,0.6515530439683554
20230904_214700-214900,Multiphase,0.0012970833469015824,1.0205254435337068,0.014851162441652861,0.786904275514587,1.0205262678269862,3.041674810565726,3124.421589974633,64,0.9333333333333333,1.0055993680664388,3.2227844717323526,358.0,1.4099999999999997,0.5970914212847115
20230911_073950-074150,Rockfall,-0.005912268227304668,1.118401829649806,0.027210756752216392,-0.2570817438488415,1.1184174567126648,3.4288691643470663,3752.5728224388763,78,1.3333333333333333,1.256655760866679,4.165155242976235,358.0,1.3499999999999999,0.6502829845912202
20230901_191500-191700,Rockfall,0.0019424689165814185,1.0716180958968196,0.0703655034626711,-0.1757454149148856,1.0716198564038542,3.1385082560484543,3445.107349917051,64,0.7666666666666666,1.0179893654621974,3.818591175874695,136.0,0.18999999999999997,0.7601576084563152
20230824_190300-190500,Rockfall,0.003399668006494463,0.8363214612884949,-0.07250932655425195,0.41523647395815466,0.8363283711283973,2.691003585636974,2098.3354330628345,64,1.1,1.0663588006275158,4.241547233204337,358.0,1.0699999999999998,0.5311193168735852
20230826_074640-074840,Rockfall,-0.002136973673093106,0.7170980459306792,-0.012207375973238654,0.166892406645053,0.7171012300464127,2.294333292242944,1542.702522402234,70,0.9,1.043402582293669,3.406277086434974,304.0,0.32999999999999996,0.4398167043741245
20230828_052630-052830,Rockfall,0.0049535305977985115,1.0217045583931417,0.14432352468102252,2.5651047696829634,1.0217165664247143,3.89630095488648,3131.714226320123,66,1.1,1.0665069000879506,4.180649518285296,144.0,0.20999999999999996,0.8083742764940474
20230824_215100-215300,Rockfall,0.00023902968205746807,0.9817164323667472,0.0032923467314800404,2.3713733387809697,0.9817164614663864,3.7103282770347357,2891.3016321422488,69,0.9333333333333333,1.0265366948128583,3.8717326927754017,0.0,1.3699999999999999,0.5665710037328016
20230828_184630-184830,Rockfall,0.0023945097489428994,1.0176491263184648,0.0050888372991882164,0.18714182389257683,1.0176519434333493,3.0742495822061544,3106.8464339210186,66,0.9,1.0552123113506053,4.250587931333339,350.0,0.9099999999999998,0.5043228069504948
20230828_190810-191010,Rockfall,-0.00622878641903269,1.0295942791693289,-0.03037594520820001,0.2234597307216677,1.029613120292503,3.307093759709356,3180.3095324353926,64,1.0333333333333332,1.1395166836744655,4.359001008797793,324.0,0.18999999999999997,0.5907714490218874
20230828_201000-201200,Rockfall,-4.21353817751798e-05,0.9885476335435894,-0.11776623288681785,0.17674281694046767,0.9885476344415687,2.9506835090966668,2931.679276680064,62,0.8333333333333334,0.9415692429973533,3.2194453966612455,160.0,0.29,0.7280170265419974
20230905_205830-210030,Rockfall,0.0020521378000952525,1.1105871540547478,-0.0217126587427373,0.7745156683705474,1.1105890500184912,3.858015567841524,3700.224114062925,68,0.9333333333333333,1.062206739272084,4.143830087487487,346.0,0.8899999999999999,0.6266506972531681
20230824_202800-203000,Rockfall,0.0025635050065805592,0.8628756569987759,0.06181840508922605,0.25378953861953013,0.8628794649306402,2.7765388435644955,2233.6829129969638,62,1.0,1.0336815135417137,4.068444900392318,356.0,0.9499999999999998,0.5480750065711502
20230905_203900-204100,Rockfall,-0.0013470253017148128,0.6888153714415644,-0.0037692596215020313,0.2274648487154396,0.6888166885400961,2.115575901650609,1423.4052912340314,56,0.9,0.943467594724172,3.74784987324433,160.0,0.7899999999999999,0.4535108597692965
20230901_010100-010300,Rockfall,-0.0009648539208025942,0.721316772887031,0.05874758897831577,-0.22593466074708468,0.7213174181948258,2.1410713018528,1560.8964533737476,70,0.8,1.1105099776072556,4.364859095357423,46.0,0.10999999999999999,0.4578594397869424
20230825_153140-153340,Rockfall,0.003741206351374577,0.9392744174568832,0.006615047668885962,0.5732051553941413,0.9392818681918281,3.262779444990226,2646.7512837417926,66,0.9333333333333333,1.0620723945933845,3.730224769071557,356.0,1.2499999999999998,0.6055318493630671
20230816_000100-000300,Rockfall,0.0005244858856861837,0.8842780577511525,-0.047120876384303734,0.046743444753799324,0.8842782132935285,2.768380030677438,2345.8438755167854,74,1.0,1.0910557038954918,4.402074673426723,260.0,0.26999999999999996,0.6779055451799962
20230907_104600-104800,Rockfall,-0.00546146920155244,0.8994943312626141,0.05681092441587152,-0.08340163916925691,0.8995109113398329,2.572466594031394,2427.35963885825,72,0.9,1.1043664663169919,4.238910843832398,358.0,1.3099999999999998,0.4916784825737858
20230820_133120-133320,Rockfall,0.0005796100415841489,1.0303893593098241,-0.02319388438668529,-0.13979852623198097,1.030389522329643,2.900235863028569,3185.1077031801306,58,0.8333333333333334,0.9871975471401779,4.041689112058456,150.0,0.049999999999999996,0.7073150903195602
20230828_203340-203540,Rockfall,-0.0066157710767770755,1.072455979479101,0.03157897840911547,0.6877437553104504,1.0724763849835661,3.5099077635842777,3450.616789042255,54,1.0,0.948263265986843,3.364477556501922,182.0,0.12999999999999998,0.7330070558533092
20230911_131320-131520,Rockfall,-0.003211961286746141,0.9954554203527488,-0.01995003152995101,1.2495465083579749,0.9954606022364598,3.7600566089909173,2972.8254318149257,68,0.9333333333333333,1.0961536369835736,3.92200665535468,358.0,1.2499999999999998,0.5115182507595042
20230908_232830-233030,Rockfall,-0.0030664962790402537,1.3709928947187373,0.11445695323736507,8.757330528730577,1.3709963241266157,7.651838690836509,5638.892762306077,62,0.9333333333333333,1.0508287622857349,4.0328780032640825,206.0,0.14999999999999997,0.8289316576630695
20230827_034400-034600,Rockfall,0.001705955202976644,0.7221223177149478,0.0881464689959525,0.15152199344097328,0.722124332802297,2.0756683123682356,1564.390656075488,88,0.9,0.9769462728181988,3.803656163396455,168.0,0.7699999999999999,0.4768639191351658
20230824_133740-133940,Rockfall,-0.0028164989540444053,0.9945608224422192,-0.04278623564783498,0.8800395407289132,0.9945648104589774,3.238130301350087,2967.477486609905,56,0.8666666666666667,0.9177736428213594,3.2538629162324075,178.0,0.44999999999999996,0.6358458326176064
20230902_182040-182240,Rockfall,-0.004878461640607967,0.8986598486455106,-0.008165459657901521,0.34349867179750904,0.8986730901476637,2.8785124473309773,2422.8399688666527,70,1.0333333333333332,1.1172070932536842,4.118733113634585,352.0,1.2699999999999998,0.4629179500337052
20230904_115740-115940,Rockfall,0.002466853970587991,1.1107288697071758,-0.009798067473123619,0.8171206029472886,1.1107316090620147,3.7907115058266556,3701.1741221084776,70,1.0333333333333332,1.076223593612287,3.7819547198677994,356.0,1.2699999999999998,0.6442540234272275
20230903_083710-083910,Rockfall,-0.0020005670921040986,0.8551492719942226,-0.029159588005716365,1.3085188112207033,0.8551516120904754,2.971025109984475,2193.852838982817,68,1.0333333333333332,1.0653786206259288,3.85038677381933,6.0,1.1099999999999999,0.5198145256642502
20230820_031510-031710,Rockfall,0.0032392623611764244,0.9634145577027721,-0.03737015570383104,2.930196843207262,0.9634200033289075,4.1362260583341355,2784.534308442817,68,0.9,1.0042879594442105,4.010182396191065,0.0,0.8099999999999998,0.6143871489216327
20230830_035020-035220,Rockfall,-0.006273742968104943,1.0726647017415618,-0.010582734756356777,0.7594352623162886,1.0726830483479934,3.2901946047668913,3451.9467666394303,76,1.2333333333333334,1.160412168264827,4.001870282384479,0.0,1.3299999999999998,0.6006255896962298
20230820_203620-203820,Rockfall,0.0012989766304298935,1.094077215513893,0.03214720409981797,0.134278189095427,1.0940779866384844,3.322751383608648,3591.0199225407587,66,1.0666666666666667,1.091401099401308,4.207538516350093,4.0,1.1899999999999997,0.6117336580140932
20230910_101140-101340,Rockfall,0.008686840321232195,0.6588881545463798,-0.0195438520227993,-0.2664811940112144,0.6589454160977984,1.9133027619243552,1302.6271841889022,62,0.8333333333333334,1.003391766491139,3.8925028291103656,254.0,0.3499999999999999,0.4077100206621565
20230905_073250-073450,Rockfall,0.0024983923272766436,0.8032974555207982,-0.14805417533661908,1.1677366958485988,0.8033013407248926,2.8308274123150676,1935.8791320312298,80,1.5666666666666667,1.3155836764108046,4.484895198241212,340.0,1.0099999999999998,0.4017128826591524
20230830_164000-164200,Rockfall,0.006769549832196953,0.8749017701103526,-0.06702649127360093,0.08400087549615876,0.874927959404178,2.5940487012394007,2296.496802441477,70,1.3333333333333333,1.118226091053265,4.106122005234748,348.0,0.9699999999999999,0.5020672287581317
20230903_132420-132620,Rockfall,-0.0019660751911903633,0.9494287900490893,0.17796455870582364,1.6606366731253592,0.9494308257191437,3.4761939898460996,2704.2566784772052,64,0.8666666666666667,1.0463413613175778,4.030512050525141,358.0,1.3499999999999999,0.490860579587047
20230820_191840-192040,Rockfall,0.0056471311341116884,0.8689351202130052,-0.22300569896628689,0.8465722706914391,0.8689534701177248,3.2254862163468827,2265.240399688907,68,1.0333333333333332,1.1076790419156337,4.461869681909429,134.0,0.16999999999999998,0.6579792766595534
20230901_010240-010440,Rockfall,0.005002101776793583,0.9696408324084699,0.11610235707556137,-0.34167589063581083,0.9696537345341254,2.919077248096085,2820.6850946879285,66,1.1333333333333333,1.1138486017994558,4.070639318980046,180.0,0.36999999999999994,0.535990433217434
20230905_114040-114240,Rockfall,-0.0027170680003195924,1.049104299798336,0.024526376516218404,0.329461811151881,1.0491078182502862,3.3573401840145487,3301.881642941626,68,0.8666666666666667,1.084298779339834,4.124767501378734,0.0,1.2099999999999997,0.6104505103427056
20230828_060600-060800,Rockfall,-0.0014573603354372674,0.9688184038270579,0.02927980186857523,1.3438908712348852,0.9688194999550512,3.4816270751393454,2815.8336704794665,71,1.1333333333333333,1.0965677312319122,3.8883277833774126,216.0,0.22999999999999995,0.5760529299580847
20230825_160140-160340,Rockfall,0.008261316658736032,0.8620352366494606,-0.016219758215585266,1.0162250224077107,0.8620748219141001,2.8163121512800187,2229.518995734682,68,1.2,1.1964253761544317,4.380944998431427,358.0,1.3099999999999998,0.45951895548066907
20230904_015330-015530,Rockfall,-0.008173945204929759,0.9014003953961204,-0.0808141468494562,-0.2764129276584826,0.9014374555123029,2.2805862388115483,2437.7684586014857,72,0.8333333333333334,1.1299899194182814,4.23434486046764,272.0,0.18999999999999997,0.4679910214320734
20230908_222600-222800,Rockfall,0.003125532083392251,0.7451571667681731,-0.00772477071616924,0.4537876808121868,0.7451637216993158,2.4623509495256797,1665.806916410326,58,0.8666666666666667,0.9571245764906287,3.9228659816400486,172.0,0.44999999999999996,0.48763915741257063
20230827_183500-183700,Rockfall,-0.0013819009797745945,0.7368338370121279,0.006834165169536137,-0.06213285145807301,0.7368351328596738,2.215274729375104,1628.7780390489993,58,0.9,0.9747896660021022,3.445071515043375,198.0,0.32999999999999996,0.5414012633616949
20230911_101040-101240,Rockfall,-0.0027795040981958056,1.0786177733430893,-0.03217428421621213,1.604452087829415,1.0786213546071837,4.356172877619911,3490.2720798439077,80,1.5666666666666667,1.3293136397265135,4.711629503122649,170.0,0.7099999999999999,0.44276004782667444
20230830_201410-201610,Rockfall,-0.004710547998039951,0.8649816873411837,0.021211803189132863,2.0052157749995034,0.8649945136808921,3.6209020391283095,2244.646526094129,76,1.0333333333333332,1.172597896823772,4.402851718220419,348.0,1.0899999999999999,0.5161017888519056
20230827_225900-230100,Rockfall,0.007695780737015759,0.7841471236773888,-0.057670334050083934,-0.011593255305789807,0.7841848867535477,2.6245006224368086,1844.837809838023,62,0.9333333333333333,0.9739443023032269,3.4300719784663287,40.0,0.18999999999999997,0.49586712921524434
20230828_215820-220020,Rockfall,0.00529215752225681,1.0383965385257667,-0.02155604780440293,1.1950352301280818,1.038410024101046,3.62928332705068,3234.886134460605,70,1.0333333333333332,1.120731704196934,4.052751930134066,356.0,1.4899999999999998,0.6081980004314987
20230902_112030-112230,Rockfall,-0.00487503923616512,0.811017313230229,-0.14210271668183877,0.28540799221785473,0.8110319650708802,2.7498976251163154,1973.3185451002005,66,1.0333333333333332,1.1174261433890202,4.0814707022325285,0.0,1.3699999999999999,0.5166065963232749
20230828_202100-202300,Rockfall,-0.005078758591493295,1.1538200820706022,0.01179407926237801,0.4031592483845272,1.1538312595775182,3.381055758548274,3993.979726734726,58,0.8,0.9274385409545725,3.679301000413139,254.0,0.16999999999999998,0.6444100204906427
20230905_004200-004400,Rockfall,0.00764270844630738,0.9640801920227525,-0.029790411099238797,2.01592144839144,0.9641104851846716,3.290432275902238,2788.5270829290685,64,1.1333333333333333,1.1005274925210058,3.5425339772788242,0.0,1.3699999999999999,0.6522564185119085
20230830_030250-030450,Rockfall,-0.0054932253748175355,1.16863333875468,-0.023274410608328598,0.5024263021557318,1.1686462492875802,3.543653546326887,4097.202167921787,68,1.0333333333333332,1.0519328000905097,3.529006697767408,356.0,1.13,0.6392684940722819
20230816_115000-115200,Rockfall,0.011569781506133567,1.1022150945846576,0.06072760305239402,0.6509460698530143,1.1022758160162842,3.590401110203031,3645.0359237230955,70,0.9333333333333333,1.0662283973483053,3.879598355347343,358.0,1.0299999999999998,0.6386993727403075
20230826_225100-225300,Rockfall,-0.0015890913016917074,0.9325213081789822,-0.023449270012667254,1.5786923685120993,0.932522662147685,3.868511309032961,2608.795546257016,70,0.8666666666666667,1.1327557813866527,4.602054972664615,350.0,1.0299999999999998,0.5342662462894676
20230821_182200-182400,Rockfall,0.00242353652615934,0.8902893306473818,-0.0346533209441175,0.6867260200928293,0.8902926293044645,3.067189077814289,2377.86289738157,58,0.9,0.9362267193198494,3.5254480939342607,150.0,0.16999999999999998,0.6030246027776223
20230906_065100-065300,Rockfall,-0.010106708038545548,0.9651459052745688,0.011981328350429015,0.408657840747487,0.9651988209771307,2.8683104361703013,2794.8262920469297,74,0.9,1.1045459748913895,4.219475129703701,358.0,1.1099999999999999,0.550272878348801
20230901_182900-183100,Rockfall,0.007550059176740074,1.138617620988507,0.003734206789743336,-0.20339468078594347,1.1386426525557085,3.3673641419362825,3889.5212706572993,60,0.9,1.0320599702365025,3.900868033451602,302.0,0.14999999999999997,0.7790459719065191
20230816_141300-141500,Rockfall,0.004818372971738805,0.8708566257808962,-0.07395097189339313,0.17301777503513804,0.870869955495413,2.70363492885144,2275.2434381537482,60,0.8333333333333334,0.9287055296175688,3.564312638266815,200.0,0.5299999999999999,0.6011106173971957
20230906_180040-180240,Rockfall,-0.0007576184899612019,0.951182980738403,0.024425865719597987,0.39510752560977247,0.951183282460415,3.0868741222963316,2714.2489104965084,66,0.8333333333333334,1.0615968543968406,4.328563717348086,350.0,0.7899999999999999,0.5714516463700318
20230905_095920-100120,Rockfall,-0.005162392791765903,1.075483172830696,-0.08058609995464881,0.7321341568864006,1.0754955626785807,4.164558377091876,3470.0721160239514,70,0.9666666666666667,1.1477793703166566,4.239760307357963,0.0,1.3899999999999997,0.6386537717812895
20230818_210900-211100,Rockfall,-0.0027215306294956746,1.0936640884246231,-0.012514446910672298,0.29661285606422094,1.0936674746186015,3.303740334853175,3588.325635115888,66,1.0333333333333332,1.0596588759876282,3.6967444490769665,356.0,1.0099999999999998,0.5854774003758039
20230902_083000-083200,Rockfall,0.002030820043968705,0.8420883051889406,-0.17042051375567732,2.644674238037889,0.842090753996286,3.3678575572200224,2127.3505138981004,76,1.0333333333333332,1.1071259456685392,4.354132731573657,344.0,1.3099999999999998,0.455914115121913
20230824_160000-160200,Rockfall,-0.005439350807046621,0.6841436148288786,0.02717259772492579,2.9010529073352878,0.6841652375328106,2.674807491602134,1404.2462167449814,66,0.9,1.0834011063000581,3.9812059446378636,356.0,1.2699999999999998,0.4741839895649665
20230825_000700-000900,Rockfall,0.010569869745850658,0.9905804739123799,0.059905722247788236,2.434598675259024,0.9906368645689092,4.170353378743376,2944.084192328758,62,0.8666666666666667,1.0131838427158553,3.883250280669156,356.0,1.13,0.5865189397294966
20230904_212540-212740,Rockfall,-0.0038133518759632125,1.0477201786888686,0.040611168657846315,-0.12151515709442418,1.047727118330133,2.9698768464666627,3293.1963434530935,66,1.0,1.0734212628370592,4.289507926358147,190.0,0.4699999999999999,0.6224061579844764
20230907_203630-203830,Rockfall,-0.0054399378591481785,1.0432694462520566,-0.01640637326615195,1.726042590072864,1.0432836289365344,3.9429718571796664,3265.322191220953,71,0.8666666666666667,1.010408466246281,3.967177871012669,0.0,1.1099999999999999,0.6162662095875079
20230906_183640-183840,Rockfall,0.006771699423820309,0.8732595541400707,0.04900284729062713,-0.500442814422076,0.8732858093488074,2.307948514872944,2287.884314430005,58,0.9,0.9804811921647348,3.707874539344406,266.0,0.32999999999999996,0.46905619615810923
20230819_001100-001300,Rockfall,-0.014987262028042195,0.8561551894495169,-0.1623307158612279,0.7395547488560941,0.8562863577357958,3.321672560183457,2199.6789793333055,56,0.9333333333333333,0.9525616901942179,3.8500378877199504,332.0,0.6699999999999999,0.5098616456130017
20230903_051540-051740,Rockfall,-0.0077838745093598526,0.9435251939489712,0.09470596174280163,0.3151315445554883,0.9435573010256564,2.7817655798250724,2670.901140956463,70,0.8333333333333334,1.0682332578029654,4.226993082424199,342.0,0.7899999999999999,0.6063006570195316
20230820_002920-003120,Rockfall,-0.0010875419835878332,1.1253628247015393,0.06765741928755432,0.627431935746317,1.1253633501975233,3.586116417555222,3799.32800990338,64,1.0333333333333332,1.087061650412671,4.123626400729113,356.0,1.3899999999999997,0.6802066591025623
20230817_190120-190320,Rockfall,-0.004434591773611883,1.0964361790697148,0.036388218801499256,-0.5902746308886311,1.0964451469987884,2.567141861702565,3606.575881131583,54,0.9,0.8916005002348643,3.129574491694557,180.0,0.6299999999999999,0.7205961421894639
20230824_191040-191240,Rockfall,-0.002325739450455804,0.9695048653665739,0.039747909865343996,0.5186082185160878,0.9695076549638223,3.210516083647181,2819.83527910035,64,0.9666666666666667,1.089108396953597,3.9031020744862457,352.0,1.0499999999999998,0.590962113248319
20230818_022400-022600,Rockfall,-0.004718524062388073,0.7978999567347739,0.03977024937801873,0.26167442152316234,0.7979139085306644,2.582640939194034,1909.9998162800443,58,0.8,0.9019556274977223,3.384719157577153,192.0,0.6299999999999999,0.572910509670586
20230819_002000-002200,Rockfall,0.001279063587261487,0.768784910989468,0.13052507436041397,0.41253039471164676,0.7687859750078331,2.622304685282734,1773.0956261062336,56,0.8666666666666667,0.9514851091314475,3.579390191378923,194.0,0.44999999999999996,0.5688475883188401
20230818_055040-055240,Rockfall,-0.005315023407772003,0.8271783474990743,0.0584923784034686,0.24680107621467418,0.8271954231287335,2.6444760824143945,2052.7568041353734,66,1.0333333333333332,1.0813216391184883,4.125831721909145,358.0,1.0099999999999998,0.48156670300643734
20230819_182720-182920,Rockfall,-0.004222048474360046,0.8213368463763947,0.05148042857858594,0.6234496065221937,0.8213476979384804,2.7055326433821163,2023.8361227265236,100,0.8666666666666667,0.968934445350348,3.9012506499132567,206.0,0.44999999999999996,0.5193980400731151
20230822_180500-180700,Rockfall,-0.0018406950994193873,0.9676750193208038,-0.0011869450571109124,0.4295006699191388,0.9676767699888051,3.0901182143944155,2809.194993527901,64,0.9333333333333333,1.048983483136918,3.774071491264882,358.0,0.9699999999999999,0.5480999970812205
20230909_130930-131130,Rockfall,0.004906100088439129,0.9832462406514593,0.004993327233717863,1.1266769977706712,0.9832584805499036,3.598691957943095,2900.3917187199154,68,1.0333333333333332,1.0474315987106408,4.1593020146412645,352.0,1.0899999999999999,0.5014116262867133
20230823_142100-142300,Rockfall,-0.0058823848619349185,1.1811276911934534,0.19268409616413648,1.596437360029575,1.1811423391596976,4.793914207054295,4185.291676066927,66,0.8333333333333334,0.9860469414230066,4.024663586174496,146.0,0.12999999999999998,0.7622376311057788
20230901_121740-121940,Rockfall,0.003551289438004222,0.917686330380424,0.12583152735542208,0.33227018546828235,0.917693201796636,2.673852174790751,2526.4824378712838,70,0.9,1.089360621238268,4.481821749073591,176.0,0.29,0.5046398341501567
20230904_081040-081240,Rockfall,0.007923967995547477,0.8368696044992345,0.09285962312979648,0.20684311864875848,0.8369071180265465,2.5932024780983607,2101.2405726104994,66,0.8666666666666667,1.0770171056318967,4.105614586962249,326.0,0.20999999999999996,0.5772101458478687
20230910_020130-020330,Rockfall,-0.0013857651137464705,1.033790046282543,0.00535856871050084,-0.18237404367792465,1.033790975070789,3.1181564541380253,3206.171340413438,80,1.5,1.271920584267634,4.468669344883706,2.0,1.1099999999999999,0.6558640008609848
20230907_190700-190900,Rockfall,-0.0012946361161987384,0.9171935737867162,-0.042515506339376403,1.5654318409466645,0.9171944874879709,3.2314652333306513,2523.737183634965,66,0.9,1.0204334184524622,3.9835697976561173,358.0,1.4299999999999997,0.4803417347791022
20230906_052300-052500,Rockfall,-0.003705123323251378,1.1789763847001795,0.019183711619379578,0.7837909792661821,1.178982206659433,3.758156279393917,4169.997130858638,60,1.0333333333333332,1.063838388357214,3.8051162414757904,356.0,1.0899999999999999,0.6263074438928286
20230901_040100-040300,Rockfall,0.004321488380307574,0.7651269594293619,-0.08586497432694794,-0.18340739984321708,0.7651391633601312,2.298577162866884,1756.313817922325,68,0.9333333333333333,1.0464650601104906,4.078890258457329,182.0,0.9099999999999998,0.545780201293581
20230831_002030-002230,Rockfall,-0.004582606316650206,0.940065936594115,0.18662254544985357,-0.10116965614700613,0.9400771061063151,2.8362994771882066,2651.234896275672,72,1.3666666666666667,1.1637832803547694,4.500947180743918,350.0,1.2899999999999998,0.5741707700714174
20230820_062200-062400,Rockfall,0.009635914759321023,0.8029268680863478,-0.024803865264005985,1.5383047158926892,0.8029846862476273,2.9981058606706084,1934.3532190446012,66,1.2666666666666666,1.1250006686579959,4.34883720297806,346.0,1.15,0.4844117742836728
20230902_072250-072450,Rockfall,-0.0008202552057622678,0.9868780112129869,-0.013664283699988813,3.3874794307697407,0.9868783520952837,3.958348424607086,2921.786645502909,74,0.8333333333333334,1.0931657425826025,4.309283556446012,354.0,1.2099999999999997,0.5655574499691766
20230823_121910-122110,VTB,-0.009535145711021528,1.3562327405411392,0.01369590334808906,-0.15458865867937455,1.3562662590802217,3.9001489082773064,5518.374496558377,62,1.0,1.0482606694067396,3.199075535809564,350.0,1.0899999999999999,0.7077229901969845
20230825_011640-011840,VTB,-0.0005914775358691647,1.53265356847325,-0.005970075533211205,1.7510646065833564,1.5326536826039545,5.6580688846039475,7047.08193239839,76,1.2333333333333334,1.1934481515256747,3.961783708872632,356.0,1.2099999999999997,0.7781224759695275
20230829_010550-010750,VTB,-0.002411484939156073,1.586891361350001,-0.0024276592967249168,1.7638730512561844,1.5868931936292596,6.028933338900591,7554.690023960614,70,1.2333333333333334,1.1766460118754027,3.892630023473849,356.0,1.2299999999999998,0.7710431527415501
20230905_053640-053840,VTB,-0.005109882593476782,1.8036881310696642,0.010374745080282402,2.2538714696036948,1.8036953692521631,5.822120885488077,9759.950955185092,60,0.9333333333333333,0.9718977065237054,2.727303482182939,0.0,1.3499999999999999,0.9048561962486875
20230826_221130-221330,VTB,-0.001370935471174107,1.5469868042420745,-0.010441534474975037,0.3012599464420749,1.5469874117015863,4.730439118484448,7179.5101558895185,76,0.9666666666666667,1.1384974636211154,4.10678826975836,356.0,1.3099999999999998,0.759040380198735
20230826_042500-042700,VTB,-0.004241233744456352,1.467961139842978,0.009764171730493107,1.569788272293227,1.4679672667170647,4.766947681216086,6464.78368845831,62,1.0,1.006518033800824,3.108728163266595,358.0,1.3099999999999998,0.7504489822665819
20230831_041650-041850,VTB,-0.00010872477563311615,1.4572272084601203,-0.0005258704063066851,3.7280530659049322,1.4572272125161372,5.815867566344459,6370.533446692653,68,1.0333333333333332,1.0309258608497012,3.85921281193544,0.0,1.4099999999999997,0.7759327529293771
20230906_163720-163920,VTB,-0.0011441046605763223,1.5852029758541626,-0.012190392008799357,0.7193937415956451,1.5852033887272532,4.728735515881604,7538.609350897102,64,0.9333333333333333,1.0643835768052796,4.05732497293988,0.0,1.2699999999999998,0.8093312110279874
20230829_122330-122530,VTB,0.007775228643225504,1.405292418792827,-0.021397277250476295,3.009188833561004,1.405313928094733,6.175104531966526,5924.721709491147,64,0.9333333333333333,1.0341493837916063,3.844998194139032,358.0,1.3699999999999999,0.7083088037518325
20230826_195900-200100,VTB,-0.004699633011480212,0.9985500582834176,-0.032424890458705245,0.3242393086474822,0.9985611175327523,3.087908460568946,2991.3729163447774,61,1.0333333333333332,1.0420869921664582,3.8436709242586216,356.0,1.0299999999999998,0.6109775240866363
20230906_014730-014930,VTB,0.0026686547981988416,1.4835199759560302,0.032819120323266525,2.0975440249019908,1.483522376231317,6.107532087848233,6602.515922337039,68,0.9333333333333333,1.0800862686317205,3.945833706221015,2.0,1.3099999999999998,0.8037673403197708
20230826_082530-082730,VTB,-6.1033378176759354e-05,1.5333411307639102,-0.015113639735056568,2.502356951266619,1.533341131978602,5.899434925389981,7053.40508105226,68,1.0666666666666667,1.0947466849363627,4.169560860016053,358.0,1.3499999999999999,0.8383100677200009
20230821_121850-122050,VTB,0.00417730401265963,1.5576768069203724,-0.037843371513500604,1.5625686135819068,1.5576824081584992,5.05832446830438,7279.123454059383,68,0.9333333333333333,1.0076593978517965,3.2283868683172345,356.0,1.3099999999999998,0.7806858964877922
20230816_233740-233940,VTB,-0.007895158001573217,1.3986894645084773,0.01944654442322527,1.3533522478824045,1.3987117471612516,4.837252241342121,5869.183654940643,66,1.0333333333333332,1.1308613728721375,3.6534190105170787,352.0,1.0099999999999998,0.6313468523999868
20230817_061050-061250,VTB,9.107352604881195e-06,1.7443211601122062,0.010988744288493169,1.7879479505343667,1.7443211601359816,5.616262314659652,9127.96892909441,72,0.9333333333333333,0.9993489706292201,3.2178562338039427,358.0,1.3699999999999999,0.8745786743623492
20230826_221940-222140,VTB,0.001975839680749478,1.6046525814607753,0.026586496798463397,2.1809444897526564,1.6046537979050728,6.588843831200428,7724.741433393523,68,0.9333333333333333,1.0628416671197893,3.7878982968063797,0.0,1.3499999999999999,0.8313335153097652
20230826_214000-214200,VTB,0.0040355612596369664,1.226438482800209,0.09728809573753469,4.024612952463501,1.2264451222325272,5.776068667478109,4512.502913543876,64,0.8666666666666667,1.0294511115794365,3.9452902518659823,358.0,1.3099999999999998,0.6970198459152228
20230823_040802-041000,VTB,-0.00839722425061885,1.1673453764552157,0.012069122075697642,1.638531082679168,1.1673755785121105,4.001315184812885,4088.297223919454,76,1.2333333333333334,1.1827517369219018,4.167160918913558,2.0,1.4899999999999998,0.6258535175065129
20230823_042755-042955,VTB,0.0004687872087077594,1.3310125646257611,-0.00228923400253999,2.50046884126174,1.3310126471799932,5.367767865619904,5314.784000859279,64,1.0333333333333332,1.1216863038818312,3.95334133701323,10.0,1.2899999999999998,0.6118443943500479
20230826_043350-043550,VTB,-0.00200599054178551,1.1756808036707036,0.04037230145857562,1.929551807583998,1.1756825150174877,4.550825753289784,4146.688128353536,70,0.9333333333333333,1.0530704147594647,3.881651979037259,358.0,1.3499999999999999,0.6637518015529797
20230823_132010-132210,VTB,-0.0022243481271001383,1.2414924013534612,-0.09616462618036643,0.9606571750898398,1.2414943940038448,4.043774878319138,4623.924991028922,74,1.2333333333333334,1.1375332471762039,4.282270235872508,356.0,1.2499999999999998,0.6504380112994089
20230822_125630-125830,VTB,0.0025825246098370894,1.5531383415109417,0.0004416071331948521,1.8341713177508367,1.5531404885922968,5.149267945339828,7236.7361319141555,62,0.9333333333333333,1.0081823751629186,3.2522204653272984,356.0,1.2699999999999998,0.7895145677857985
20230831_042910-043110,VTB,-0.0006204425296680446,1.621084912555712,-0.007659585931113592,1.5226045519662224,1.6210850312875924,5.461811015795855,7883.750035994082,62,1.1,1.0968693335669386,4.0570875232702726,356.0,1.3899999999999997,0.8160996777311621
20230828_112340-112540,VTB,0.004182665467298837,1.5831940834790634,-0.005286048656697006,5.1782306341835795,1.5831996085944193,6.9461287689785465,7519.563001960567,72,0.8666666666666667,1.01434349427348,3.896987642032826,0.0,1.4699999999999998,0.829060353018161
20230827_113100-113300,VTB,-0.00428960976002989,1.5859963308192409,0.002077400645004768,0.9537359676660424,1.5860021318157136,5.102661609839948,7546.208286371964,68,1.0,1.0415004052354937,3.459255045835089,354.0,1.2299999999999998,0.7729541839247968
20230824_132000-132200,VTB,-0.003601390133327816,1.5721295857766158,0.009439238874851187,0.32270597555123803,1.5721337107526971,4.526306719238815,7414.813213455136,66,0.8666666666666667,1.034266271785052,3.574041345392335,2.0,1.4499999999999997,0.7886075359841134
20230825_042950-043150,VTB,-0.004403623547112171,1.5333908020136466,0.01608418648330644,1.0743095179510718,1.5333971252093828,5.016724143326414,7053.920230801197,62,1.0,1.0446010648517794,3.505660575707461,354.0,1.2299999999999998,0.7368540686453265
20230823_223940-224140,VTB,-0.0013816215820987145,1.5901136813192265,-0.016554238736017555,0.570730583257252,1.5901142815523603,4.553662214201434,7585.390285190338,68,0.9333333333333333,1.060800224504251,4.031382387249794,358.0,1.3099999999999998,0.8075633970865491
20230819_105250-105450,VTB,0.005035656132868604,1.6755801510730397,0.004146734899940213,2.3023994945348294,1.6755877179373928,5.689184115993575,8422.782601507919,62,0.9333333333333333,0.9939145964458473,3.086681422547756,0.0,1.3499999999999999,0.8462760942006298
20230822_172140-172340,VTB,-0.0033125494907226215,1.4922447709686888,-0.04665744026281521,0.019191341198986134,1.4922484476344826,4.455077499688033,6680.41628840257,72,1.0666666666666667,1.1551934685427396,4.190847103551842,354.0,1.2099999999999997,0.6433192950449137
20230821_231940-232140,VTB,-0.001105813585845676,1.6725094123688131,0.007241126087421556,2.1769554806646756,1.6725097779343352,5.507329452963251,8391.866871857877,64,0.9333333333333333,1.0026706931016989,3.192029931778882,358.0,1.3299999999999998,0.8301884704381792
20230820_011340-011540,VTB,-0.006535435229993548,1.5342438780853216,0.003704291675627018,0.839468931814455,1.5342577975542224,5.112279473064546,7061.8409680678,62,1.0,1.0482947411893981,3.49549260257343,356.0,1.15,0.7458598657301672
20230824_183400-183600,VTB,0.0025540282896997723,1.1992111599691735,-0.04234301743351727,1.4477880354236552,1.1992138796958263,4.829948373487055,4314.341787765346,84,1.3666666666666667,1.296603207133516,4.136001377192943,348.0,1.0699999999999998,0.5580323811334119
20230817_154040-154240,VTB,3.320033081818489e-05,1.513813778225568,-0.00344899320045398,1.244983888146737,1.513813778589636,4.989055904524195,6874.896468743495,60,1.0,1.0265083535342638,3.4140925673630074,356.0,1.2499999999999998,0.7581279120227209
20230821_233430-233630,VTB,0.003606891374898737,1.2867434530702693,-0.029089235707798332,1.2620214111789982,1.2867485083281003,4.711380058059609,4967.165171053773,66,0.9333333333333333,1.0451047073793285,3.806271880749475,0.0,1.2899999999999998,0.7321681424163861
20230825_212520-212720,VTB,-0.002286067452781149,1.4675914669962744,0.0016438265745597565,0.9762363164580101,1.467593247499005,4.797460661259573,6461.4898203140265,62,1.0,1.0534052101051485,3.5869085983059388,352.0,1.2099999999999997,0.735873129273475
20230824_034535-034735,VTB,-0.004078342709197429,1.5464942345115862,0.012296203894843604,1.0974642642148753,1.5464996121101457,5.118406513969967,7174.983150770493,68,1.0,1.0303851831705284,3.492604435376616,354.0,1.2299999999999998,0.7674897114499631
20230824_212900-213100,VTB,-0.013875760699069368,1.0425473413221507,0.05929499607813471,1.6369850823665768,1.0426396767977242,3.902997168365816,3261.2924868985874,64,1.0333333333333332,1.154485644865366,4.564283515159773,352.0,1.0299999999999998,0.5693771847812031
20230826_212530-212700,VTB,0.0016643424117177002,1.0930155911748975,-0.0012862905888556362,0.2924777453597329,1.0930168583270226,3.432397317528409,3584.0575577612235,66,1.0333333333333332,1.0555039815697393,3.7665415239799684,352.0,1.17,0.5843142169927483
20230824_130040-130240,VTB,0.0043788209164187086,1.643222163684466,0.0005676069066469103,2.3973776572136423,1.643227997965126,5.502471866738191,8100.594759889428,66,0.9333333333333333,0.9944053754204917,3.066204026394357,358.0,1.3299999999999998,0.8315596708515176
20230826_043600-043800,VTB,-0.0005430216225709188,1.2873961492336354,0.019884594620778705,2.935579273316442,1.2873962637564533,5.722232414061923,4972.1674198022265,72,0.9333333333333333,1.0558795235512637,3.9144493594930414,0.0,1.3299999999999998,0.7378482018869259
20230827_054250-054450,VTB,0.0005192751916368673,1.5576958625869022,0.02277365827354738,0.4478502350301974,1.5576959491399718,4.548528262692089,7279.250009901232,74,0.9666666666666667,1.1357801031578059,4.108038084798765,0.0,1.2499999999999998,0.7532123957969535
20230818_050550-050750,VTB,0.0008889851879434806,1.4580744451812795,-0.010278465335499703,1.378819438105963,1.4580747161875347,4.681939716131631,6377.94563395608,64,0.9333333333333333,1.0286536337788414,3.549920900084701,358.0,1.3899999999999997,0.695871159774239
20230831_040640-040840,VTB,-0.006150869628045533,1.629248175095586,0.014240206761808497,2.2015889641109014,1.6292597856847382,5.4099684102357575,7963.4623477484365,60,0.9333333333333333,0.9843122203377025,2.9498680891892444,0.0,1.3499999999999999,0.8557757034536436
20230830_015950-020150,VTB,0.003996293225630296,1.2805725538545512,-0.043031333614176874,2.6165436890119667,1.2805787894718201,5.144796958641605,4919.646108135337,74,0.9333333333333333,1.061407542957137,4.093941355483773,2.0,1.3299999999999998,0.6579727699048386
20230823_035840-040040,VTB,-0.0029431161409197034,1.57573909900153,-0.002691655317929374,1.234224471213901,1.5757418475292115,5.350431502366684,7448.887110164318,66,1.0,1.0343528597269835,3.470726991611042,354.0,1.2299999999999998,0.7585525615682255
20230826_213200-213400,VTB,0.0039625883859164554,1.647027948481667,-0.0014595506622544234,2.3034738021075816,1.6470327152750928,5.5142783201235295,8138.150295559334,64,0.9333333333333333,0.9956486246792765,3.0994749410159566,358.0,1.3499999999999999,0.8386698673458668
20230822_205440-205640,VTB,-0.0034926876801678474,1.582645490574798,0.007434816646730458,1.1919589067600294,1.5826493445182273,5.228067847775326,7514.336843111923,62,1.0,1.0298614486141664,3.377317129638005,354.0,1.2699999999999998,0.7617987308743831
20230825_152350-152550,VTB,0.005471653310308246,1.6736934773971122,-0.005839018427916274,2.2554152917370427,1.673702421361571,5.579422821088321,8403.839385814757,64,0.9333333333333333,0.9974816535880231,3.116108788664347,0.0,1.3499999999999999,0.8531693365646308
20230823_203700-203900,VTB,-0.0016934945835380072,1.3009184155983755,0.020351676946777572,1.7203757784915705,1.3009195178668402,4.415643706177368,5077.174775900676,68,1.0666666666666667,1.1222304201207987,4.298031434347086,356.0,1.3099999999999998,0.749137961945979
20230824_054200-054400,VTB,0.004543924978446403,1.6147120385927034,-0.013631469218746996,3.095762385625102,1.6147184320587953,6.307047604883516,7821.946844491242,72,1.0333333333333332,1.0527033051537122,3.8998904548347997,2.0,1.4699999999999998,0.806229963722098
20230824_214600-214800,VTB,0.0034205023101048296,1.4445460784071404,-0.004059097860214989,0.20913220883198314,1.4445501280597712,4.445916113272835,6260.175217432505,74,1.2333333333333334,1.1551844181641369,4.1421527237611,352.0,1.2099999999999997,0.656525597385674
20230825_014640-014840,VTB,-0.002147153318790313,1.0228068720532386,-0.07286350386751173,0.7857654531053968,1.0228091257838408,3.540261978181369,3138.4155233601136,70,0.8666666666666667,1.1027113509443995,4.276264947897778,350.0,0.8899999999999999,0.571642348837005
20230816_234900-235100,VTB,-4.9270540324206046e-05,1.5931854502217193,-0.0021887208297433603,1.8198255387224185,1.5931854509835846,6.128736763008094,7614.719643677303,68,1.2,1.1608567187670422,3.8939985660655396,356.0,1.2699999999999998,0.8048775926504165
20230906_145100-145300,VTB,0.00436184386956694,1.628597030459527,0.0007662462054604952,2.2770601257025413,1.628602871575367,5.438565893497855,7957.041939910596,64,0.9333333333333333,0.9958849433039596,3.080041589542831,358.0,1.3299999999999998,0.8274620322017268
20230822_155930-160130,VTB,0.0014338328626032155,1.5562724519135966,-0.00679937700070194,1.4128293250627406,1.5562731124265545,5.635364931142986,7265.958001385507,74,1.2333333333333334,1.1812224558800732,3.8721523217829543,356.0,1.2899999999999998,0.7647921543063837
20230823_164800-165000,VTB,-0.00388097426079176,1.7468965225200013,0.010697566553017217,2.381306803405291,1.7469008335774776,5.927391077111321,9154.987567061058,60,0.9333333333333333,0.9865713722457741,2.930146540932677,0.0,1.3699999999999999,0.873206274956388
20230823_095523-095723,VTB,0.0018257830246075125,1.537851428116571,0.0023935164052813628,1.9274056925236218,1.5378525119281854,5.497203323224541,7094.971045331489,60,0.9333333333333333,1.0125257901115492,3.2057095663352118,356.0,1.2499999999999998,0.7733239216472502
20230816_021000-021200,VTB,-0.00483300954564703,1.692400715251707,-0.0018004196654066332,0.2784835536772099,1.69240761608005,5.280329645638158,8592.730616897275,70,0.9333333333333333,1.0693296451529033,4.046951727207664,358.0,1.1099999999999999,0.8884989682903244
20230828_001250-001450,VTB,-0.0017346252540494783,1.689619660794554,0.01201573905658885,2.1891395112315966,1.6896205512091393,5.530510722013708,8564.452821204828,64,0.9333333333333333,0.9974676048788274,3.1307365439541175,358.0,1.3299999999999998,0.8366238832946387
20230907_160118-160318,VTB,-0.0024715713764528074,1.4802485530021785,0.002099827659853628,1.7255094255021186,1.480250616392411,4.764347112126164,6573.425661990337,64,1.0,1.0030061534879327,2.950242454470601,2.0,1.4499999999999997,0.6599302629574624
20230819_195520-195720,VTB,0.006478444908369743,1.424916052367625,-0.012545398353069366,3.137697984369809,1.4249307795620694,6.217753607974248,6091.2831796301,68,1.2333333333333334,1.2067156790544935,3.8458531609565085,358.0,1.17,0.7300815423191955
20230817_060910-061110,VTB,0.008356400506089613,1.3373320263374202,0.00011385856116023728,4.388267300324943,1.3373581338209928,6.130594272606232,5365.580334291505,68,0.9666666666666667,1.0468287124210809,4.07038337558126,0.0,1.3099999999999998,0.7536265078401222
20230823_230640-230840,VTB,-0.0014629110237820058,1.1551236875722324,-0.009712536786283761,2.5034127243357656,1.1551246139266258,4.312785477687124,4002.938621097408,66,0.9333333333333333,1.0401852543032424,3.7677369400809275,358.0,1.2699999999999998,0.5857847686654171
20230906_144540-144740,VTB,-0.0002812444123842184,1.6073267490896919,-0.00723229788456401,3.203087927013663,1.6073267736952734,5.953857246216504,7750.49807231297,68,1.0333333333333332,1.0357389933011232,3.792998985750978,2.0,1.4099999999999997,0.8218247008923276
20230826_152750-152950,VTB,-0.006726603745648224,1.405232478639806,0.0178665205159042,0.9637109109908324,1.4052485780893442,4.532851741844924,5924.170698666372,66,1.0,1.0424275749802439,3.4292340657753777,356.0,1.1899999999999997,0.7164423936021532
20230829_115950-120150,VTB,0.0015199677513963745,1.6684608487062356,0.015161999358528572,1.7757495231695213,1.6684615410513657,5.838818078116007,8351.291741902493,66,0.9333333333333333,1.0407347520872388,3.6510914283611853,358.0,1.3499999999999999,0.8584205298375923
20230822_170220-170420,VTB,0.001694665840218871,1.5843862515097777,-0.04823321201583604,1.3986805488950615,1.584387157820182,5.609823347488349,7530.847997596543,68,0.9333333333333333,1.110806904456433,4.186633904300604,358.0,1.2899999999999998,0.7867244609148281
20230827_072340-072540,VTB,-0.00041171799871528357,1.021986021515845,-0.08807289902878201,-0.13909146703128528,1.0219861044483411,2.7747739992017246,3133.366793056486,66,0.9333333333333333,1.1059904801516562,3.82825254046159,358.0,1.2299999999999998,0.4113328376325644
20230823_222540-222740,VTB,0.0025598624823830866,1.408277911098213,0.025637865685701575,4.74291483798356,1.408280237659776,6.543788706967421,5949.759683349226,68,0.8666666666666667,1.0351406518757935,3.953763167197919,0.0,1.3499999999999999,0.7477405784999381
20230816_043650-043850,VTB,-0.00698649805900341,1.7726239490507132,0.034773528597133396,2.0097740323580986,1.7726377170486,6.112251191936006,9426.73342770982,72,0.9333333333333333,0.9932447091230012,3.152372567330233,2.0,1.2499999999999998,0.9336217620325755
20230903_102120-102320,NonEvent,0.00982150245391934,1.0304790841090232,-0.04151139519512877,0.0061828736257676375,1.0305258874461252,3.307215693168751,3185.950814089871,79,1.2666666666666666,1.2657637320630146,4.728617905021833,206.0,0.3499999999999999,0.5393575802049739
20230909_000850-001050,NonEvent,0.0027581692555420584,1.0549683321862484,0.16641243471686729,1.3339257609727637,1.0549719377374345,3.6835297702190544,3338.8973682404317,62,0.8666666666666667,0.9971147713633034,3.6962074702189036,118.0,0.5299999999999999,0.7547393841949424
20230910_102430-102630,NonEvent,-0.006595958454797661,1.3895700593709361,0.0190365589886475,2.574995310865167,1.3895857140054673,5.356637287293049,5792.845369704253,66,1.1333333333333333,1.1410358027352965,3.2865499868498156,74.0,0.12999999999999998,0.8825602045675052
20230819_082840-083040,NonEvent,-0.00115353973968602,1.0705403929472477,0.05701971555602655,0.8635348544787118,1.0705410144340939,3.7899529816540523,3438.1741907567357,80,1.4333333333333333,1.2606689694753246,4.521204023981358,146.0,0.22999999999999995,0.6437566073952686
20230823_062000-062200,NonEvent,-0.008274917118344492,0.9234853106266556,0.03289813889850646,-0.4941349362571499,0.9235223837008641,2.5787437292719244,2558.680779589579,68,1.0333333333333332,1.1028377159600133,4.443371375527385,130.0,0.38999999999999996,0.42590584151009847
20230901_045910-050110,NonEvent,0.0011310178402722192,1.2593829499626918,-0.0609077103917144,0.14049474209965052,1.2593834578308893,4.030709638455971,4758.140081574262,82,1.1,1.2267361886282664,4.338225796150315,166.0,0.24999999999999997,0.7092940733347198
20230911_124020-124220,NonEvent,-0.012570892426280041,1.0441579591696923,0.057267224031265496,0.48274033667173555,1.044233628568727,3.28649947347333,3271.2716131014313,72,0.8666666666666667,1.1117593848229887,4.423791681221978,226.0,0.30999999999999994,0.6421405180214914
20230818_134120-134320,NonEvent,0.0031676822772348555,1.1649662037544692,0.06785485417916304,-0.3300673438457329,1.1649705103997736,3.66207034036369,4071.468870303327,74,1.4333333333333333,1.216249650103341,4.475595467771755,136.0,0.30999999999999994,0.6858233270934818
20230816_125640-125840,NonEvent,-0.0015235223782039864,1.2427270294242594,-0.14282556123618245,3.463245387141269,1.2427279633057595,5.753416524236927,4633.118372346243,60,1.0666666666666667,1.0595882157769563,4.186807266375538,102.0,0.10999999999999999,0.8949130804176447
20230907_192430-192630,NonEvent,-0.0005431918843268449,1.4586467087563284,0.012802368451921241,3.2065022142979123,1.4586468098971361,5.685129199437069,6382.951548069276,64,0.8666666666666667,0.9314736336166012,3.2246494407950217,104.0,0.12999999999999998,0.9249045998017206
20230820_221830-222030,NonEvent,0.0015456737211735194,1.0282705910990826,-0.05696187698507719,1.5024068916403657,1.0282717528097856,3.4725486796119744,3172.0283928795266,80,1.4,1.1661490269624508,4.381653254701481,146.0,0.3499999999999999,0.5997585196258253
20230906_075200-075400,NonEvent,-0.0006696255387991173,1.3972424135592254,0.06560294183952241,0.1475387587502368,1.397242574017544,4.54528458327559,5856.860431941515,80,1.3666666666666667,1.2573184555084822,3.8844952428798094,350.0,1.15,0.6161494369944639
20230829_200640-200840,NonEvent,-0.005274544717208669,1.1808231724638354,0.014413640742702348,0.10546978045118305,1.1808349526710031,3.5225961273333377,4183.113556348591,62,0.8666666666666667,1.067423274325124,3.883122843802985,168.0,0.42999999999999994,0.6201131651020942
20230911_052550-052750,NonEvent,0.010432965293971912,1.2804914890208428,0.03923726906452268,-0.5123967837254293,1.2805339902632964,3.222321688353985,4919.301900658919,68,1.3333333333333333,1.1670154954850933,4.456532584676168,274.0,0.38999999999999996,0.6010284476711404
20230905_143600-143800,NonEvent,-0.007894506611899608,1.118511294131362,-0.03729168294857871,0.3049046522279948,1.1185391536884435,3.8215208826757476,3753.3895150021785,75,0.8333333333333334,1.1964177543641896,4.28041354506812,168.0,0.29,0.6061367011522831
20230912_110850-111050,NonEvent,-0.004256601592078781,1.3463727228794962,0.015380019067174908,2.6242043089355462,1.3463794515555645,4.968642959585357,5438.212882713187,56,0.8666666666666667,0.9241707299224852,3.448054257663611,10.0,0.06999999999999999,0.9047779940734115
20230826_165930-170130,NonEvent,-0.0002585807227737966,0.908670447843003,-0.13819212870142228,3.0463417271639113,0.9086704846352135,4.343865692533654,2477.046148941581,62,0.8666666666666667,1.158737154788174,4.472185444148774,170.0,0.18999999999999997,0.7437477084825324
20230829_181640-181840,NonEvent,0.0029116389018298485,1.2223697167729097,0.022288916340657675,-0.11141359593107847,1.2223731844754195,3.7265397353691276,4482.588606373734,62,0.9333333333333333,1.1063733497168355,3.9338926529268794,10.0,0.29,0.5359184426761976
20230821_052750-052950,NonEvent,-0.002677727032500132,1.1222053617474512,-0.083102827724181,-0.13788123096077243,1.122208556444295,3.3181138520693154,3778.056132470365,71,0.9333333333333333,1.186683915043656,4.524558893761111,226.0,0.18999999999999997,0.6544164332852431
20230817_092340-092540,NonEvent,-0.004350942827087755,0.9866953807847274,0.07979646160573396,1.5750659101400792,0.9867049737208194,3.8988499240654013,2920.760115496209,72,1.0,1.1867245003243787,4.456105749087534,134.0,0.4699999999999999,0.5099604643128929
20230830_021830-022030,NonEvent,0.005079705014684939,1.0598706164175893,-0.024089991696694464,-0.5595586282447114,1.0598827892500362,2.967911608502918,3370.0545808453107,70,1.0666666666666667,1.1555772489331595,4.178479441228312,266.0,0.14999999999999997,0.8261850298715967
20230828_180340-180540,NonEvent,0.005706393362537623,1.3106004180374518,0.0037398084466745726,2.185679636893001,1.3106128408821391,4.939298867169135,5153.118056055454,146,1.1,1.0523115019220386,3.8057728790853775,42.0,0.08999999999999998,0.927632863129185
20230904_185050-185250,NonEvent,-0.0030132562316919635,0.9743273273798001,-0.10759029346466804,0.4452844273181893,0.974331986846466,3.53832534739238,2847.968461776546,58,0.8666666666666667,1.020381353206514,4.094988410023034,204.0,0.08999999999999998,0.6809775191372981
20230828_195810-200010,NonEvent,-0.0018754367006150925,0.9649499082819814,0.01601930631360978,2.0582293069221773,0.964951730790832,3.3704789387376204,2793.395528268667,74,0.8333333333333334,1.1075654895278968,4.217842634129377,106.0,0.36999999999999994,0.7227853336359966
20230904_070740-070940,NonEvent,0.0018860187897416197,1.1474230652174497,0.03453616462684881,0.4440170056495196,1.147424615240532,4.361806527050791,3949.7497429796495,64,0.8666666666666667,1.139509139960484,4.446838215778153,138.0,0.18999999999999997,0.5170133673801234
20230902_190040-190240,NonEvent,0.0012531644855196806,1.0385645680663877,-0.0094162647449139,0.9400726319798864,1.038565324119841,3.374642002567299,3235.85379739245,66,0.9333333333333333,1.107487624447117,4.161227493455357,358.0,1.4099999999999997,0.5444493823383494
20230825_105050-105250,NonEvent,-0.0024045751954360575,1.3459981376458543,0.01812356000336499,1.94874940300988,1.346000285485846,5.008286910164733,5435.150305583936,70,0.9333333333333333,1.1443050379994062,4.2051466999791005,146.0,0.4099999999999999,0.6781974494094908
20230905_183320-183520,NonEvent,0.00045187981474726984,1.1677525854336572,-0.008358139008649412,0.13680905059790005,1.1677526728645744,3.5147203564182155,4090.9389149470735,78,1.4333333333333333,1.2809950194601039,4.44201832368628,214.0,0.5099999999999999,0.5305404087028094
20230911_125530-125730,NonEvent,0.01036378956443309,1.1786470241758966,0.034834483879993966,2.5555243581598663,1.1786925874598655,4.8388746329431775,4167.948647198498,78,0.8333333333333334,0.9531076549938513,3.6336349759928037,220.0,0.10999999999999999,0.8430995000652165
20230905_150940-151140,NonEvent,-7.002352912978201e-05,1.0022014198781193,0.03745909132698897,0.598002992399874,1.0022014223243814,3.1245395276430203,3013.223072727039,63,1.0333333333333332,1.0177974894629365,3.5016943117045853,116.0,0.14999999999999997,0.8027514327262841
20230904_054350-054550,NonEvent,0.0077332582080661015,1.0610732813986135,-0.06800647418863576,-0.37216075603724086,1.0611014615862775,3.1034845824324337,3377.808935341602,62,0.8333333333333334,1.0369176371664053,3.9560633700803,294.0,0.3499999999999999,0.5948639060362296
20230909_144550-144750,NonEvent,0.003850496514346073,1.350454355402027,-0.0027301391366054855,0.6346889448328321,1.3504598447742573,4.954598570410115,5471.225377043133,66,1.1333333333333333,1.139631830810282,3.9983056207382717,78.0,0.08999999999999998,0.8878790299647994
20230904_065430-065630,NonEvent,-0.001321494020524818,0.8471667137016117,-0.03619592275947624,2.9954775555683684,0.8471677443992037,3.767893660814047,2153.079561451304,72,1.2666666666666666,1.1911577866335334,4.584464373323458,212.0,0.3499999999999999,0.5057679769690875
20230818_182920-183120,NonEvent,0.006795575579225639,1.2211008759697746,0.03854720998137175,-0.1444653660187396,1.2211197849275899,3.6367934087819065,4473.4005874248105,70,0.8666666666666667,1.15046263988217,4.1942598859231595,142.0,0.38999999999999996,0.697730029751457
20230824_072440-072640,NonEvent,0.010488538807064293,1.2704794333372276,-0.02842414549783064,-0.14276801126394378,1.2705227270612636,3.517788598827393,4842.68399993757,68,0.9666666666666667,1.1224460407408585,4.293598669988136,268.0,0.38999999999999996,0.6371735875666051
20230817_043020-043220,NonEvent,0.003434605508046514,1.3785927426475035,0.027505340146057326,0.21887324551905296,1.3785970211034704,4.01772162842678,5701.589239786086,66,0.9333333333333333,1.0230060025953323,3.8833423790801924,260.0,0.24999999999999997,0.7880124853210656
20230908_092040-092240,NonEvent,0.0011336871295833787,1.154675069482074,-0.07055574470137752,3.1394731811899934,1.1546756260222781,4.529062476553673,3999.8274039898206,72,0.8666666666666667,0.9522522472593893,3.514549858667558,64.0,0.29,0.6707329265738794
20230910_054630-054830,NonEvent,-0.008880049757167673,1.1032237452254838,-0.08082036851562353,1.4835525721978922,1.1032594832191713,3.7348229837821747,3651.544461939099,71,1.1333333333333333,1.1743462119260635,3.809412186398359,100.0,0.08999999999999998,0.8450468778941501
20230910_151340-151540,NonEvent,-0.010924682798441106,1.6945445367277252,0.014862069013340338,0.27231285100248126,1.6945797519290815,5.613185065603121,8614.801606944082,62,0.9666666666666667,1.02683902063235,3.705092172291668,138.0,0.14999999999999997,0.8730144266082525
20230825_191800-192000,NonEvent,-0.00043193977745639424,1.4684043778493308,-0.004168382006835666,-0.04872700630247273,1.4684044413781414,3.9138086518945103,6468.634810377154,62,0.9,1.024691570456584,3.6968808360842162,28.0,0.10999999999999999,0.9173537054678231
20230823_195300-195500,NonEvent,-0.013283836518315084,1.2151496499222372,0.026712365264197627,-0.49304448165155,1.2152222562226143,3.3909450665335514,4430.295396056343,70,0.9333333333333333,1.1630111902197278,4.345718604579073,110.0,0.36999999999999994,0.6528340767002427
20230910_223720-223920,NonEvent,-0.004197130443413782,1.1519623119347655,-0.12751051242975928,0.4880984913141635,1.1519699579511824,4.243451128869808,3981.104352066147,74,0.9,1.1647693551623322,4.42580927260944,156.0,0.5299999999999999,0.6466363463274214
20230905_151540-151740,NonEvent,-0.0050816883450019315,1.2537500480057218,0.011702362700527467,0.6069821499832915,1.2537603464900242,3.870197622864378,4715.745019292356,72,1.1333333333333333,1.1286472988430127,4.21518668214513,158.0,0.4699999999999999,0.6616780534480368
20230821_100320-100520,NonEvent,0.005587979883930762,1.156928616805792,0.09048244520343436,0.15739407026014351,1.1569421117339218,3.515188969382433,4015.5451497100385,71,0.8666666666666667,1.1325777597367437,4.310097297115378,142.0,0.10999999999999999,0.7934666302190923
20230817_174400-174600,NonEvent,0.006857969203182411,1.2449808091940902,-0.07048656456491897,0.6472171764104657,1.2449996975915951,3.9023219317880846,4650.07274100949,70,1.0333333333333332,1.152629259556441,4.566494276503546,136.0,0.16999999999999998,0.6139998814888997
20230831_103220-103420,NonEvent,0.00681293161383516,1.2893225494527867,-0.04468965543009749,-0.04981036159147534,1.289340549492107,3.893445185907661,4987.197157693825,60,0.9,1.0068539176205662,3.6433309984998434,124.0,0.22999999999999995,0.8312091495610611
20230816_095430-095630,NonEvent,0.007706621403074932,1.1953303088244311,0.011087764072582804,1.9296514905783857,1.195355151914175,5.301581965418441,4286.621817623281,78,1.4333333333333333,1.2774542589847608,4.525123969061094,268.0,0.42999999999999994,0.824025838351209
20230829_043830-044030,NonEvent,-0.0015958202144651993,0.9711332093236575,-0.025892480432522288,1.6613823447239398,0.9711345204931311,3.9642495002739935,2829.3067706802713,60,0.9,1.0040397890414383,3.9201761928294894,136.0,0.14999999999999997,0.6623478596564546
20230824_150900-151100,NonEvent,-0.0145049767845096,1.1622212789499997,0.1709650264873751,0.29691519897953045,1.1623117893214763,4.074643672651534,4052.906086787076,80,0.9,1.2438312101544484,4.736293600825459,208.0,0.4099999999999999,0.6816417263750633
